District,Sub-district,Village
Alappuzha,Cherthala,Arookutty (Ct)
Alappuzha,Cherthala,Aroor (Ct)
Alappuzha,Cherthala,Arthunkal
Alappuzha,Cherthala,Cherthala North (Part)
Alappuzha,Cherthala,Cherthala South (Part)
Alappuzha,Cherthala,Ezhupunna (Ct)
Alappuzha,Cherthala,Kadakkarappally
Alappuzha,Cherthala,Kanjikkuzhi (Ct)
Alappuzha,Cherthala,Kodamthuruth (Ct)
Alappuzha,Cherthala,Kokkothamangalam (Ct)
Alappuzha,Cherthala,Kuthiathode (Ct)
Alappuzha,Cherthala,Mararikkulam North
Alappuzha,Cherthala,Pallippuram (Ct)
Alappuzha,Cherthala,Panavally
Alappuzha,Cherthala,Pattanakkad
Alappuzha,Cherthala,Perumbalam
Alappuzha,Cherthala,Thaikattussery (Ct)
Alappuzha,Cherthala,Thanneermukkam North(Ct)
Alappuzha,Cherthala,Thanneermukkam South
Alappuzha,Cherthala,Thuravoor Thekku
Alappuzha,Cherthala,Vayalar (Ct)
Alappuzha,Ambalappuzha,Alappuzha West
Alappuzha,Ambalappuzha,Ambalappuzha
Alappuzha,Ambalappuzha,Ambalappuzha North
Alappuzha,Ambalappuzha,Aryad South (Part)
Alappuzha,Ambalappuzha,Kalavoor
Alappuzha,Ambalappuzha,Karumady
Alappuzha,Ambalappuzha,Komalapuram (Ct)
Alappuzha,Ambalappuzha,Mannanchery (Ct)
Alappuzha,Ambalappuzha,Mullakkal (Part)
Alappuzha,Ambalappuzha,Paravoor
Alappuzha,Ambalappuzha,Pathirappally (Ct)
Alappuzha,Ambalappuzha,Pazhaveedu
Alappuzha,Ambalappuzha,Punnapra (Og)
Alappuzha,Ambalappuzha,Purakkad
Alappuzha,Kuttanad,Champakkulam
Alappuzha,Kuttanad,Edathua
Alappuzha,Kuttanad,Kainakary North
Alappuzha,Kuttanad,Kainakary South
Alappuzha,Kuttanad,Kavalam
Alappuzha,Kuttanad,Kunnumma
Alappuzha,Kuttanad,Muttar
Alappuzha,Kuttanad,Nedumudi
Alappuzha,Kuttanad,Neelamperoor
Alappuzha,Kuttanad,Pulinkunnu
Alappuzha,Kuttanad,Ramankary
Alappuzha,Kuttanad,Thakazhy
Alappuzha,Kuttanad,Thalavady
Alappuzha,Kuttanad,Veliyanad
Alappuzha,Karthikappally,Arattupuzha
Alappuzha,Karthikappally,Cheppad (Ct)
Alappuzha,Karthikappally,Cheruthana
Alappuzha,Karthikappally,Chingoli (Ct)
Alappuzha,Karthikappally,Haripad (Ct)
Alappuzha,Karthikappally,Kandalloor (Ct)
Alappuzha,Karthikappally,Karthikappally (Ct)
Alappuzha,Karthikappally,Karuvatta
Alappuzha,Karthikappally,Kayamkulam
Alappuzha,Karthikappally,Keerikkad (Ct)
Alappuzha,Karthikappally,Krishnapuram (Ct)
Alappuzha,Karthikappally,Kumarapuram (Ct)
Alappuzha,Karthikappally,Muthukulam (Ct)
Alappuzha,Karthikappally,Pallippad
Alappuzha,Karthikappally,Pathiyoor (Ct)
Alappuzha,Karthikappally,Puthuppally (Ct)
Alappuzha,Karthikappally,Thrikkunnapuzha
Alappuzha,Karthikappally,Veeyapuram
Alappuzha,Chengannur,Ala (Part)
Alappuzha,Chengannur,Chengannur (Part)
Alappuzha,Chengannur,Cheriyanad
Alappuzha,Chengannur,Ennakkad
Alappuzha,Chengannur,Kurattissery (Ct)
Alappuzha,Chengannur,Mannar (Ct)
Alappuzha,Chengannur,Mulakuzha (Part)
Alappuzha,Chengannur,Pandanad (Part)
Alappuzha,Chengannur,Puliyoor(Part)
Alappuzha,Chengannur,Thiruvanvandoor
Alappuzha,Chengannur,Venmony
Alappuzha,Mavelikkara,Bharanikkavu (Ct)
Alappuzha,Mavelikkara,Chennithala (Ct)
Alappuzha,Mavelikkara,Chunakkara
Alappuzha,Mavelikkara,Kannamangalam (Ct)
Alappuzha,Mavelikkara,Kattanam (Ct)
Alappuzha,Mavelikkara,Mavelikkara
Alappuzha,Mavelikkara,Noornad
Alappuzha,Mavelikkara,Palamel
Alappuzha,Mavelikkara,Perungala
Alappuzha,Mavelikkara,Thamarakkulam
Alappuzha,Mavelikkara,Thazhakara (Ct)
Alappuzha,Mavelikkara,Thekkekara (Part)
Alappuzha,Mavelikkara,Thriperumthura
Alappuzha,Mavelikkara,Vallikunnam
Alappuzha,Mavelikkara,Vettiyar
Ernakulam,Kunnathunad,Aikaranad North
Ernakulam,Kunnathunad,Aikaranad South
Ernakulam,Kunnathunad,Arakapady
Ernakulam,Kunnathunad,Asamannoor
Ernakulam,Kunnathunad,Chelamattom (Ct)
Ernakulam,Kunnathunad,Irapuram
Ernakulam,Kunnathunad,Kizhakkambalam
Ernakulam,Kunnathunad,Kodanad
Ernakulam,Kunnathunad,Kombanad
Ernakulam,Kunnathunad,Koovappady (Ct)
Ernakulam,Kunnathunad,Kunnathunad (Ct)
Ernakulam,Kunnathunad,Marampilly(Ct)
Ernakulam,Kunnathunad,Mazhuvannoor
Ernakulam,Kunnathunad,Pattimattom
Ernakulam,Kunnathunad,Perumbavoor (Ct)
Ernakulam,Kunnathunad,Puthencruz (Ct)
Ernakulam,Kunnathunad,Rayamangalam
Ernakulam,Kunnathunad,Thiruvaniyoor
Ernakulam,Kunnathunad,Vadavukode
Ernakulam,Kunnathunad,Vazhakulam (Ct)
Ernakulam,Kunnathunad,Vengola (Ct)
Ernakulam,Kunnathunad,Vengoor
Ernakulam,Kunnathunad,Vengoor West
Ernakulam,Aluva,Aluva East
Ernakulam,Aluva,Aluva West
Ernakulam,Aluva,Angamaly
Ernakulam,Aluva,Ayyampuzha
Ernakulam,Aluva,Chengamanad (Ct)
Ernakulam,Aluva,Choornikkara (Ct)
Ernakulam,Aluva,Chowwara (Ct)
Ernakulam,Aluva,Kalady (Ct)
Ernakulam,Aluva,Karukutty
Ernakulam,Aluva,Keezhmad
Ernakulam,Aluva,Kizhakkumbhagom (Ct)
Ernakulam,Aluva,Malayattoor
Ernakulam,Aluva,Manjapra
Ernakulam,Aluva,Mattoor (Ct)
Ernakulam,Aluva,Mookkannoor
Ernakulam,Aluva,Nedumbassery (Ct)
Ernakulam,Aluva,Parakkadavu
Ernakulam,Aluva,Thekkumbhagom (Ct)
Ernakulam,Aluva,Thuravoor
Ernakulam,Aluva,Vadakkumbhagom (Ct)
Ernakulam,Paravur,Alangad (Ct)
Ernakulam,Paravur,Chendamangalam (Ct)
Ernakulam,Paravur,Eloor (Ct)
Ernakulam,Paravur,Ezhikkara
Ernakulam,Paravur,Kadungalloor (Ct)
Ernakulam,Paravur,Karumalloor (Ct)
Ernakulam,Paravur,Kottuvally (Ct)
Ernakulam,Paravur,Kunnukara
Ernakulam,Paravur,Moothakunnam (Ct)
Ernakulam,Paravur,North Paravur
Ernakulam,Paravur,Puthenvelikkara (Ct)
Ernakulam,Paravur,Vadakkekara (Ct)
Ernakulam,Paravur,Varappuzha (Ct)
Ernakulam,Kochi,Chellanam
Ernakulam,Kochi,Edakochi
Ernakulam,Kochi,Edavanakkad
Ernakulam,Kochi,Elamkunnapuzha (Ct)
Ernakulam,Kochi,Fort Kochi
Ernakulam,Kochi,Kumbalangy (Ct)
Ernakulam,Kochi,Kuzhuppilly
Ernakulam,Kochi,Mattancherry
Ernakulam,Kochi,Nayarambalam
Ernakulam,Kochi,Njarackal (Ct)
Ernakulam,Kochi,Pallippuram
Ernakulam,Kochi,Palluruthy
Ernakulam,Kochi,Puthuvype (Ct)
Ernakulam,Kochi,Rameswaram
Ernakulam,Kochi,Thoppumpady
Ernakulam,Kanayannur,Amballur (Ct)
Ernakulam,Kanayannur,Cheranallur (Ct)
Ernakulam,Kanayannur,Edakkattuvayal
Ernakulam,Kanayannur,Edappally North
Ernakulam,Kanayannur,Edappally South
Ernakulam,Kanayannur,Elamkulam
Ernakulam,Kanayannur,Ernakulam
Ernakulam,Kanayannur,Kadamakkudy (Ct)
Ernakulam,Kanayannur,Kaippattur
Ernakulam,Kanayannur,Kakkanad (Ct)
Ernakulam,Kanayannur,Kanayannur (Ct)
Ernakulam,Kanayannur,Keecherry
Ernakulam,Kanayannur,Kulayettikara
Ernakulam,Kanayannur,Kumbalam (Ct)
Ernakulam,Kanayannur,Kureekkad (Ct)
Ernakulam,Kanayannur,Manakunnam (Ct)
Ernakulam,Kanayannur,Maradu (Ct)
Ernakulam,Kanayannur,Mulamthuruthy (Ct)
Ernakulam,Kanayannur,Mulavukad (Ct)
Ernakulam,Kanayannur,Nadama
Ernakulam,Kanayannur,Poonithura
Ernakulam,Kanayannur,Thekkumbhagam
Ernakulam,Kanayannur,Thiruvankulam (Ct)
Ernakulam,Kanayannur,Thrikkakara North (Part)
Ernakulam,Kanayannur,Vazhakkala (Ct)
Ernakulam,Kanayannur,Vazhakkala (Ct)
Ernakulam,Muvattupuzha,Arakuzha
Ernakulam,Muvattupuzha,Elanji
Ernakulam,Muvattupuzha,Enanalloor
Ernakulam,Muvattupuzha,Kalloorkkad
Ernakulam,Muvattupuzha,Koothattukulam
Ernakulam,Muvattupuzha,Maneed
Ernakulam,Muvattupuzha,Manjalloor
Ernakulam,Muvattupuzha,Marady (Part)
Ernakulam,Muvattupuzha,Memury
Ernakulam,Muvattupuzha,Mulavoor
Ernakulam,Muvattupuzha,Muvattupuzha (Part)
Ernakulam,Muvattupuzha,Onakkoor
Ernakulam,Muvattupuzha,Palakkuzha
Ernakulam,Muvattupuzha,Piravom
Ernakulam,Muvattupuzha,Ramamangalam
Ernakulam,Muvattupuzha,Thirumarady
Ernakulam,Muvattupuzha,Valakam
Ernakulam,Muvattupuzha,Velloorkunnam (Ct)
Ernakulam,Kothamangalam,Eramalloor (Ct)
Ernakulam,Kothamangalam,Kedavoor
Ernakulam,Kothamangalam,Keerampara
Ernakulam,Kothamangalam,Kothamangalam (Og) (Part)
Ernakulam,Kothamangalam,Kottappady
Ernakulam,Kothamangalam,Kuttamangalam
Ernakulam,Kothamangalam,Kuttampuzha
Ernakulam,Kothamangalam,Neriamangalam
Ernakulam,Kothamangalam,Pallarimangalam
Ernakulam,Kothamangalam,Pindimana
Ernakulam,Kothamangalam,Pothanikkad
Ernakulam,Kothamangalam,Thrikkariyoor (Part)
Ernakulam,Kothamangalam,Varappetty
Idukki,Devikulam,Anaviratty
Idukki,Devikulam,Edamalakkudy
Idukki,Devikulam,Kannan Devan Hills
Idukki,Devikulam,Kanthalloor
Idukki,Devikulam,Keezhanthoor
Idukki,Devikulam,Kottakamboor
Idukki,Devikulam,Kunjithanny
Idukki,Devikulam,Mankulam
Idukki,Devikulam,Mannamkandam
Idukki,Devikulam,Marayoor
Idukki,Devikulam,Munnar
Idukki,Devikulam,Pallivasal
Idukki,Devikulam,Vattavada
Idukki,Devikulam,Vellathuval
Idukki,Udumbanchola,Anakkara
Idukki,Udumbanchola,Anavilasam
Idukki,Udumbanchola,Baisonvally
Idukki,Udumbanchola,Chakkupallam
Idukki,Udumbanchola,Chathurangapara
Idukki,Udumbanchola,Chinnakanal
Idukki,Udumbanchola,Erattayar
Idukki,Udumbanchola,Kalkoonthal
Idukki,Udumbanchola,Kanthippara
Idukki,Udumbanchola,Karunapuram
Idukki,Udumbanchola,Pampadumpara
Idukki,Udumbanchola,Parathodu
Idukki,Udumbanchola,Poopara
Idukki,Udumbanchola,Rajakkad
Idukki,Udumbanchola,Rajakumari
Idukki,Udumbanchola,Santhanpara
Idukki,Udumbanchola,Udumbanchola
Idukki,Udumbanchola,Vandanmedu
Idukki,Thodupuzha,Alacode
Idukki,Thodupuzha,Arakkulam
Idukki,Thodupuzha,Elappally
Idukki,Thodupuzha,Karikkode (Part)
Idukki,Thodupuzha,Karimannoor
Idukki,Thodupuzha,Karimkunnam (Part)
Idukki,Thodupuzha,Kodikulam
Idukki,Thodupuzha,Kudayathoor
Idukki,Thodupuzha,Kumaramangalam (Part)
Idukki,Thodupuzha,Manakkad (Part)
Idukki,Thodupuzha,Muttom
Idukki,Thodupuzha,Neyyasseri
Idukki,Thodupuzha,Purapuzha
Idukki,Thodupuzha,Thodupuzha (Part)
Idukki,Thodupuzha,Udumbannoor
Idukki,Thodupuzha,Vannapuram
Idukki,Thodupuzha,Velliyamattom
Idukki,Peerumade,Elappara
Idukki,Peerumade,Kokkayar
Idukki,Peerumade,Kumily
Idukki,Peerumade,Manjumala
Idukki,Peerumade,Mlappara
Idukki,Peerumade,Peerumade
Idukki,Peerumade,Periyar
Idukki,Peerumade,Peruvanthanam
Idukki,Peerumade,Upputhara
Idukki,Peerumade,Vagamon
Idukki,Idukki,Ayyappancoil
Idukki,Idukki,Idukki
Idukki,Idukki,Kanchiyar
Idukki,Idukki,Kanjikuzhi
Idukki,Idukki,Kattappana
Idukki,Idukki,Konnathady
Idukki,Idukki,Thankamony
Idukki,Idukki,Upputhode
Idukki,Idukki,Vathikudy
Kannur,Taliparamba,Alakode
Kannur,Taliparamba,Andoor
Kannur,Taliparamba,Cheleri (Ct)
Kannur,Taliparamba,Chengalai
Kannur,Taliparamba,Chuzhali
Kannur,Taliparamba,Eruvassy
Kannur,Taliparamba,Irikkur (Ct)
Kannur,Taliparamba,Kayaralam
Kannur,Taliparamba,Kolacherry (Ct)
Kannur,Taliparamba,Kooveri
Kannur,Taliparamba,Kurumathur (Ct)
Kannur,Taliparamba,Kuttiattoor (Ct)
Kannur,Taliparamba,Kuttiyeri
Kannur,Taliparamba,Malapattam
Kannur,Taliparamba,Maniyoor (Ct)
Kannur,Taliparamba,Mayyil (Ct)
Kannur,Taliparamba,Morazha
Kannur,Taliparamba,Nediyanga
Kannur,Taliparamba,New Naduvil
Kannur,Taliparamba,Panniyoor
Kannur,Taliparamba,Pariyaram (Ct)
Kannur,Taliparamba,Pattuvam
Kannur,Taliparamba,Payyavoor
Kannur,Taliparamba,Sreekandapuram
Kannur,Taliparamba,Taliparamba
Kannur,Taliparamba,Thimiri
Kannur,Taliparamba,Udayagiri
Kannur,Taliparamba,Vellad
Kannur,Kannur,Ancharakandy (Ct)
Kannur,Kannur,Azhikode North (Ct)
Kannur,Kannur,Azhikode South (Ct)
Kannur,Kannur,Chelora (Ct)
Kannur,Kannur,Chembilode - Ct
Kannur,Kannur,Cherukunnu (Ct)
Kannur,Kannur,Chirakkal (Ct)
Kannur,Kannur,Edakkad - Ct
Kannur,Kannur,Elayavoor (Ct)
Kannur,Kannur,Iriveri (Ct)
Kannur,Kannur,Kadambur - Ct
Kannur,Kannur,Kalliasseri (Ct)
Kannur,Kannur,Kanhirode (Ct)
Kannur,Kannur,Kannadiparamba (Ct)
Kannur,Kannur,Kannapuram (Ct)
Kannur,Kannur,Kannur I
Kannur,Kannur,Kannur II
Kannur,Kannur,Makreri - Ct
Kannur,Kannur,Mattool
Kannur,Kannur,Mavilayi (Ct)
Kannur,Kannur,Munderi (Ct)
Kannur,Kannur,Muzhappilangad (Ct)
Kannur,Kannur,Narath (Ct)
Kannur,Kannur,Pallikkunnu (Ct)
Kannur,Kannur,Pappinisseri (Ct)
Kannur,Kannur,Puzhathi (Ct)
Kannur,Kannur,Valapattanam (Ct)
Kannur,Kannur,Valiyannur - Ct
Kannur,Thalassery,Cheruvanchery
Kannur,Thalassery,Chockli (Ct)
Kannur,Thalassery,Dharmadom (Ct)
Kannur,Thalassery,Eranholi (Ct)
Kannur,Thalassery,Eruvatti (Ct)
Kannur,Thalassery,Kadirur (Ct)
Kannur,Thalassery,Kandamkunnu (Ct)
Kannur,Thalassery,Kannavam
Kannur,Thalassery,Keezhallur (Ct)
Kannur,Thalassery,Kodiyeri - Ct
Kannur,Thalassery,Kolavelloor (Ct)
Kannur,Thalassery,Koloyad
Kannur,Thalassery,Koodali (Ct)
Kannur,Thalassery,Kottayam
Kannur,Thalassery,Kuthuparamba
Kannur,Thalassery,Manantheri (Ct)
Kannur,Thalassery,Mangattidam (Ct)
Kannur,Thalassery,Mokeri (Ct)
Kannur,Thalassery,New Mahe (Ct)
Kannur,Thalassery,Paduvilayi (Ct)
Kannur,Thalassery,Panniyannur (Ct)
Kannur,Thalassery,Panoor (Ct)
Kannur,Thalassery,Pathiriyad (Ct)
Kannur,Thalassery,Pattannur
Kannur,Thalassery,Pattiom (Ct)
Kannur,Thalassery,Peringalam
Kannur,Thalassery,Peringathur (Ct)
Kannur,Thalassery,Pinarayi (Ct)
Kannur,Thalassery,Puthoor
Kannur,Thalassery,Sivapuram
Kannur,Thalassery,Thalassery
Kannur,Thalassery,Thiruvangad
Kannur,Thalassery,Tholambra
Kannur,Thalassery,Thrippangottur
Kannur,Thalassery,Vekkalam
Kannur,Iritty,Aralam
Kannur,Iritty,Ayyankunnu
Kannur,Iritty,Chavassery
Kannur,Iritty,Kalliad
Kannur,Iritty,Kanichar
Kannur,Iritty,Karikkottakkari
Kannur,Iritty,Keezhur
Kannur,Iritty,Kelakam
Kannur,Iritty,Kolari
Kannur,Iritty,Kottiyoor
Kannur,Iritty,Manathana
Kannur,Iritty,Muzhakkunnu
Kannur,Iritty,Nuchiyad
Kannur,Iritty,Padiyoor
Kannur,Iritty,Payam
Kannur,Iritty,Pazhassi
Kannur,Iritty,Thillenkeri
Kannur,Iritty,Vayathur
Kannur,Iritty,Vellarvelly
Kannur,Iritty,Vilamana
Kannur,Payyannur,Alapadamba
Kannur,Payyannur,Cheruthazham (Ct)
Kannur,Payyannur,Eramam
Kannur,Payyannur,Ezhome (Ct)
Kannur,Payyannur,Kadannappalli (Ct)
Kannur,Payyannur,Kankole
Kannur,Payyannur,Karivellur (Ct)
Kannur,Payyannur,Korom
Kannur,Payyannur,Kunhimangalam (Ct)
Kannur,Payyannur,Kuttoor
Kannur,Payyannur,Madayi (Ct)
Kannur,Payyannur,Panapuzha
Kannur,Payyannur,Payyannur
Kannur,Payyannur,Peralam
Kannur,Payyannur,Peringome
Kannur,Payyannur,Perinthatta
Kannur,Payyannur,Pulingome
Kannur,Payyannur,Ramanthali
Kannur,Payyannur,Thirumeni
Kannur,Payyannur,Vayakkara
Kannur,Payyannur,Vellora
Kannur,Payyannur,Vellur
Kasaragod,Kasaragod,Adhur
Kasaragod,Kasaragod,Adkath Bail
Kasaragod,Kasaragod,Adoor
Kasaragod,Kasaragod,Badiyadka
Kasaragod,Kasaragod,Bandadka
Kasaragod,Kasaragod,Bedadka
Kasaragod,Kasaragod,Bela
Kasaragod,Kasaragod,Bellur
Kasaragod,Kasaragod,Chemnad (Ct)
Kasaragod,Kasaragod,Chengala (Ct)
Kasaragod,Kasaragod,Delampady
Kasaragod,Kasaragod,Kalnad
Kasaragod,Kasaragod,Karadka
Kasaragod,Kasaragod,Karivedakam
Kasaragod,Kasaragod,Kasaragod
Kasaragod,Kasaragod,Kolathur
Kasaragod,Kasaragod,Kudlu (Ct)
Kasaragod,Kasaragod,Kumbadaje
Kasaragod,Kasaragod,Kuttikole
Kasaragod,Kasaragod,Madhur (Ct)
Kasaragod,Kasaragod,Muliyar
Kasaragod,Kasaragod,Munnad
Kasaragod,Kasaragod,Muttathody
Kasaragod,Kasaragod,Nekraje
Kasaragod,Kasaragod,Nettanige
Kasaragod,Kasaragod,Nirchal
Kasaragod,Kasaragod,Pady
Kasaragod,Kasaragod,Patla
Kasaragod,Kasaragod,Perumbala
Kasaragod,Kasaragod,Puthur (Ct)
Kasaragod,Kasaragod,Shiribagilu (Ct)
Kasaragod,Kasaragod,Thalangara
Kasaragod,Kasaragod,Thekkil
Kasaragod,Kasaragod,Ubrangala
Kasaragod,Hosdurg,Ajanur (Ct)
Kasaragod,Hosdurg,Ambalathara
Kasaragod,Hosdurg,Balla
Kasaragod,Hosdurg,Bare (Ct)
Kasaragod,Hosdurg,Cheemeni
Kasaragod,Hosdurg,Cheruvathur (Og)
Kasaragod,Hosdurg,Chithari
Kasaragod,Hosdurg,Hosdurg
Kasaragod,Hosdurg,Kanhangad
Kasaragod,Hosdurg,Kayyur
Kasaragod,Hosdurg,Keekan (Ct)
Kasaragod,Hosdurg,Kilayikode
Kasaragod,Hosdurg,Kodakkad
Kasaragod,Hosdurg,Madikai
Kasaragod,Hosdurg,Maniyat (Ct)
Kasaragod,Hosdurg,Nileshwar (Og)
Kasaragod,Hosdurg,North Thrikkaripur (Ct)
Kasaragod,Hosdurg,Padne
Kasaragod,Hosdurg,Pallikkara (Ct)
Kasaragod,Hosdurg,Pallikkara II
Kasaragod,Hosdurg,Panayal
Kasaragod,Hosdurg,Periya
Kasaragod,Hosdurg,Perole (Ct)
Kasaragod,Hosdurg,Pilicode (Ct)
Kasaragod,Hosdurg,Pudukai
Kasaragod,Hosdurg,Pullur
Kasaragod,Hosdurg,South Thrikkaripur (Ct)
Kasaragod,Hosdurg,Thimiri
Kasaragod,Hosdurg,Thuruthy
Kasaragod,Hosdurg,Udinoor
Kasaragod,Hosdurg,Udma (Ct)
Kasaragod,Hosdurg,Valiyaparmbu
Kasaragod,Manjeswaram,Angadimogaru
Kasaragod,Manjeswaram,Arikady
Kasaragod,Manjeswaram,Badaje
Kasaragod,Manjeswaram,Badoor
Kasaragod,Manjeswaram,Bangra Manjeshwar (Ct)
Kasaragod,Manjeswaram,Bayar
Kasaragod,Manjeswaram,Bekoor
Kasaragod,Manjeswaram,Bombrana
Kasaragod,Manjeswaram,Chippar
Kasaragod,Manjeswaram,Edanad
Kasaragod,Manjeswaram,Enmakaje
Kasaragod,Manjeswaram,Heroor
Kasaragod,Manjeswaram,Hosabettu (Ct)
Kasaragod,Manjeswaram,Ichilampady
Kasaragod,Manjeswaram,Ichilangod
Kasaragod,Manjeswaram,Kadambar
Kasaragod,Manjeswaram,Kaliyoor
Kasaragod,Manjeswaram,Kannur
Kasaragod,Manjeswaram,Kattukukke
Kasaragod,Manjeswaram,Kayyar
Kasaragod,Manjeswaram,Kidoor
Kasaragod,Manjeswaram,Kodalamogaru
Kasaragod,Manjeswaram,Kodibail
Kasaragod,Manjeswaram,Koipady (Ct)
Kasaragod,Manjeswaram,Koliyoor
Kasaragod,Manjeswaram,Kubanoor
Kasaragod,Manjeswaram,Kudalmarkala
Kasaragod,Manjeswaram,Kuloor
Kasaragod,Manjeswaram,Kunjathur (Ct)
Kasaragod,Manjeswaram,Majibail
Kasaragod,Manjeswaram,Mangalpady (Ct)
Kasaragod,Manjeswaram,Meenja
Kasaragod,Manjeswaram,Mogral (Ct)
Kasaragod,Manjeswaram,Moodambail
Kasaragod,Manjeswaram,Mugu
Kasaragod,Manjeswaram,Mulinja
Kasaragod,Manjeswaram,Padre
Kasaragod,Manjeswaram,Paivalike
Kasaragod,Manjeswaram,Pathur
Kasaragod,Manjeswaram,Pavoor
Kasaragod,Manjeswaram,Puthige
Kasaragod,Manjeswaram,Sheni
Kasaragod,Manjeswaram,Shiriya (Ct)
Kasaragod,Manjeswaram,Talikala
Kasaragod,Manjeswaram,Udyawar
Kasaragod,Manjeswaram,Ujarulvar
Kasaragod,Manjeswaram,Uppala (Ct)
Kasaragod,Manjeswaram,Vorkady
Kasaragod,Vellarikkundu,Balal
Kasaragod,Vellarikkundu,Belur
Kasaragod,Vellarikkundu,Bheemanady
Kasaragod,Vellarikkundu,Cheemeni II
Kasaragod,Vellarikkundu,Chittarikkal
Kasaragod,Vellarikkundu,Kallar
Kasaragod,Vellarikkundu,Karindalam
Kasaragod,Vellarikkundu,Kinanoor
Kasaragod,Vellarikkundu,Kodom
Kasaragod,Vellarikkundu,Maloth
Kasaragod,Vellarikkundu,Palavayal
Kasaragod,Vellarikkundu,Panathady
Kasaragod,Vellarikkundu,Parappa
Kasaragod,Vellarikkundu,Thayanur
Kasaragod,Vellarikkundu,West Eleri
Kollam,Karunagappally,Adinad (Ct)
Kollam,Karunagappally,Alappad
Kollam,Karunagappally,Ayanivelikulangara (Ct)
Kollam,Karunagappally,Chavara (Ct)
Kollam,Karunagappally,Clappana
Kollam,Karunagappally,Kallelibhagom (Ct)
Kollam,Karunagappally,Karunagappally (Ct)
Kollam,Karunagappally,Kulasekharapuram (Ct)
Kollam,Karunagappally,Neendakara (Og)
Kollam,Karunagappally,Oachira (Ct)
Kollam,Karunagappally,Panmana (Ct)
Kollam,Karunagappally,Pavumba
Kollam,Karunagappally,Thazhava
Kollam,Karunagappally,Thekkumbhagom
Kollam,Karunagappally,Thevalakkara
Kollam,Karunagappally,Thodiyoor (Ct)
Kollam,Karunagappally,Vadakkumthala (Ct)
Kollam,Kunnathur,Kunnathur
Kollam,Kunnathur,Mynagappally
Kollam,Kunnathur,Poruvazhy
Kollam,Kunnathur,Sasthamkotta
Kollam,Kunnathur,Sooranad North
Kollam,Kunnathur,Sooranad South
Kollam,Kunnathur,West Kallada
Kollam,Pathanapuram,Pathanapuram
Kollam,Pathanapuram,Pattazhy
Kollam,Pathanapuram,Pattazhy Vadakkekara
Kollam,Pathanapuram,Pidavoor
Kollam,Pathanapuram,Piravanthur
Kollam,Pathanapuram,Punnala
Kollam,Pathanapuram,Thalavoor
Kollam,Pathanapuram,Vilakkudy
Kollam,Kottarakkara,Chadayamangalam
Kollam,Kottarakkara,Chakkuvarakkal
Kollam,Kottarakkara,Chithara
Kollam,Kottarakkara,Elamad
Kollam,Kottarakkara,Ezhukone
Kollam,Kottarakkara,Ittiva
Kollam,Kottarakkara,Kadakkal
Kollam,Kottarakkara,Kalayapuram
Kollam,Kottarakkara,Kareepra
Kollam,Kottarakkara,Kottarakkara (Ct)
Kollam,Kottarakkara,Kottukkal
Kollam,Kottarakkara,Kulakkada
Kollam,Kottarakkara,Kummil
Kollam,Kottarakkara,Mancode
Kollam,Kottarakkara,Melila
Kollam,Kottarakkara,Mylom
Kollam,Kottarakkara,Neduvathoor
Kollam,Kottarakkara,Nilamel
Kollam,Kottarakkara,Odanavattam
Kollam,Kottarakkara,Pavithreswaram
Kollam,Kottarakkara,Pooyappally
Kollam,Kottarakkara,Puthur
Kollam,Kottarakkara,Ummannoor
Kollam,Kottarakkara,Valakam
Kollam,Kottarakkara,Velinalloor
Kollam,Kottarakkara,Veliyam
Kollam,Kottarakkara,Vettikkavala
Kollam,Kollam,Adichanalloor (Ct)
Kollam,Kollam,Chirakkara
Kollam,Kollam,Elampalloor (Ct)
Kollam,Kollam,Eravipuram (Og) (Part)
Kollam,Kollam,Kalluvathukkal
Kollam,Kollam,Kilikollur
Kollam,Kollam,Kizhakkekallada
Kollam,Kollam,Kollam East
Kollam,Kollam,Kollam West
Kollam,Kollam,Kottamkara (Ct)
Kollam,Kollam,Kottappuram
Kollam,Kollam,Mangad
Kollam,Kollam,Mayyanad (Ct)
Kollam,Kollam,Meenad (Ct)
Kollam,Kollam,Mulavana
Kollam,Kollam,Mundackal
Kollam,Kollam,Mundrothuruth
Kollam,Kollam,Nedumpana (Ct)
Kollam,Kollam,Pallimon
Kollam,Kollam,Panayam (Ct)
Kollam,Kollam,Paravoor (Part)
Kollam,Kollam,Parippally
Kollam,Kollam,Perayam
Kollam,Kollam,Perinad (Ct)
Kollam,Kollam,Poothakkulam (Ct)
Kollam,Kollam,Sakthikulangara
Kollam,Kollam,Thazhuthala (Ct)
Kollam,Kollam,Thrikkadavoor (Ct)
Kollam,Kollam,Thrikkaruva (Ct)
Kollam,Kollam,Thrikkovilvattom (Ct)
Kollam,Kollam,Vadakkevila
Kollam,Punalur,Alayamon
Kollam,Punalur,Anchal
Kollam,Punalur,Arackal
Kollam,Punalur,Arienkavu
Kollam,Punalur,Ayiranalloor
Kollam,Punalur,Channappetta
Kollam,Punalur,Edamon
Kollam,Punalur,Edamulackal
Kollam,Punalur,Eroor
Kollam,Punalur,Karavaloor (Part)
Kollam,Punalur,Kulathupuzha
Kollam,Punalur,Punalur
Kollam,Punalur,Thenmala
Kollam,Punalur,Thinkalkarikkakom
Kollam,Punalur,Valacode (Part)
Kottayam,Meenachil,Bharananganam
Kottayam,Meenachil,Elackad
Kottayam,Meenachil,Erattupetta (Ct)
Kottayam,Meenachil,Kadanad
Kottayam,Meenachil,Kadaplamattom
Kottayam,Meenachil,Kanakkari
Kottayam,Meenachil,Kidangoor
Kottayam,Meenachil,Kondoor
Kottayam,Meenachil,Kuravilangad
Kottayam,Meenachil,Kurichithanam
Kottayam,Meenachil,Lalam (Part)
Kottayam,Meenachil,Meenachil (Part)
Kottayam,Meenachil,Meenachil (Part)
Kottayam,Meenachil,Melukavu
Kottayam,Meenachil,Monippally
Kottayam,Meenachil,Moonilavu
Kottayam,Meenachil,Poonjar
Kottayam,Meenachil,Poonjar Nadubhagam
Kottayam,Meenachil,Poonjar Thekkekara
Kottayam,Meenachil,Poovarany
Kottayam,Meenachil,Puliyannoor (Part)
Kottayam,Meenachil,Ramapuram
Kottayam,Meenachil,Teekoy
Kottayam,Meenachil,Thalanadu
Kottayam,Meenachil,Thalappalam
Kottayam,Meenachil,Uzhavoor
Kottayam,Meenachil,Vallichira
Kottayam,Meenachil,Veliyannoor
Kottayam,Meenachil,Vellilappally
Kottayam,Vaikom,Chempu
Kottayam,Vaikom,Kaduthuruthy
Kottayam,Vaikom,Kallara
Kottayam,Vaikom,Kothanalloor
Kottayam,Vaikom,Kulasekharamangalam
Kottayam,Vaikom,Manjoor
Kottayam,Vaikom,Mulakulam
Kottayam,Vaikom,Muttuchira
Kottayam,Vaikom,Naduvile (Part)
Kottayam,Vaikom,Njeezhoor
Kottayam,Vaikom,Thalayazham
Kottayam,Vaikom,T V Puram
Kottayam,Vaikom,Udayanapuram
Kottayam,Vaikom,Vadakkemuri (Part)
Kottayam,Vaikom,Vadayar
Kottayam,Vaikom,Vaikom (Part)
Kottayam,Vaikom,Vechoor
Kottayam,Vaikom,Velloor
Kottayam,Kottayam,Aimanam (Ct)
Kottayam,Kottayam,Akalakunnam
Kottayam,Kottayam,Anikkad
Kottayam,Kottayam,Arpookara
Kottayam,Kottayam,Athirampuzha (Ct)
Kottayam,Kottayam,Ayarkunnam
Kottayam,Kottayam,Chengalam East
Kottayam,Kottayam,Chengalam West
Kottayam,Kottayam,Ettumanoor (Ct)
Kottayam,Kottayam,Kaipuzha
Kottayam,Kottayam,Kooroppada
Kottayam,Kottayam,Kottayam
Kottayam,Kottayam,Kumarakam
Kottayam,Kottayam,Manarcad
Kottayam,Kottayam,Meenadam
Kottayam,Kottayam,Muttampalam (Part)
Kottayam,Kottayam,Nattakam (Ct)
Kottayam,Kottayam,Onamthuruth
Kottayam,Kottayam,Pampady
Kottayam,Kottayam,Panachikkad (Ct)
Kottayam,Kottayam,Peroor
Kottayam,Kottayam,Perumbaikad (Ct)
Kottayam,Kottayam,Perumbaikad (Ct)
Kottayam,Kottayam,Puthuppally (Ct)
Kottayam,Kottayam,Thiruvarpu
Kottayam,Kottayam,Veloor (Part)
Kottayam,Kottayam,Vijayapuram (Ct)
Kottayam,Changanassery,Changanassery (Part)
Kottayam,Changanassery,Chethipuzha (Ct)
Kottayam,Changanassery,Kangazha
Kottayam,Changanassery,Karukachal
Kottayam,Changanassery,Kurichy
Kottayam,Changanassery,Madappally
Kottayam,Changanassery,Nedumkunnam
Kottayam,Changanassery,Paippad (Ct)
Kottayam,Changanassery,Thottackad
Kottayam,Changanassery,Thrikkodithanam (Ct)
Kottayam,Changanassery,Vakathanam
Kottayam,Changanassery,Vazhappally East
Kottayam,Changanassery,Vazhappally West
Kottayam,Changanassery,Vazhoor
Kottayam,Changanassery,Vellavoor
Kottayam,Kanjirappally,Cheruvally
Kottayam,Kanjirappally,Chirakkadavu
Kottayam,Kanjirappally,Edakkunnam
Kottayam,Kanjirappally,Elamgulam
Kottayam,Kanjirappally,Elikkulam
Kottayam,Kanjirappally,Erumeli North
Kottayam,Kanjirappally,Erumeli South
Kottayam,Kanjirappally,Kanjirappally
Kottayam,Kanjirappally,Koottickal
Kottayam,Kanjirappally,Koovappally
Kottayam,Kanjirappally,Koruthode
Kottayam,Kanjirappally,Manimala
Kottayam,Kanjirappally,Mundakayam
Kozhikode,Vatakara,Ayancheri (Ct)
Kozhikode,Vatakara,Azhiyur (Ct)
Kozhikode,Vatakara,Chekkiad (Ct)
Kozhikode,Vatakara,Chorode (Ct)
Kozhikode,Vatakara,Edacheri (Ct)
Kozhikode,Vatakara,Eramala (Ct)
Kozhikode,Vatakara,Kavilumpara
Kozhikode,Vatakara,Kayakkodi
Kozhikode,Vatakara,Kottappally (Ct)
Kozhikode,Vatakara,Kunnummal (Ct)
Kozhikode,Vatakara,Kuttiadi
Kozhikode,Vatakara,Maniyur (Ct)
Kozhikode,Vatakara,Maruthonkara
Kozhikode,Vatakara,Nadakkuthazha
Kozhikode,Vatakara,Nadapuram (Ct)
Kozhikode,Vatakara,Narippatta
Kozhikode,Vatakara,Onchiam
Kozhikode,Vatakara,Palayad (Ct)
Kozhikode,Vatakara,Purameri
Kozhikode,Vatakara,Thinoor
Kozhikode,Vatakara,Thiruvallur
Kozhikode,Vatakara,Thuneri (Ct)
Kozhikode,Vatakara,Valayam (Ct)
Kozhikode,Vatakara,Vanimel
Kozhikode,Vatakara,Vatakara
Kozhikode,Vatakara,Velom
Kozhikode,Vatakara,Vilangad
Kozhikode,Vatakara,Villiappally (Ct)
Kozhikode,Koyilandi,Arikkulam (Part)
Kozhikode,Koyilandi,Atholi (Ct)
Kozhikode,Koyilandi,Avitanallur
Kozhikode,Koyilandi,Balusseri (Ct)
Kozhikode,Koyilandi,Chakkittapara
Kozhikode,Koyilandi,Changaroth
Kozhikode,Koyilandi,Chemancheri (Ct)
Kozhikode,Koyilandi,Chempanoda
Kozhikode,Koyilandi,Chengottukavu
Kozhikode,Koyilandi,Cheruvannur
Kozhikode,Koyilandi,Eravattur (Ct)
Kozhikode,Koyilandi,Iringal (Ct)
Kozhikode,Koyilandi,Kayanna
Kozhikode,Koyilandi,Keezhariyur (Ct)
Kozhikode,Koyilandi,Koorachundu
Kozhikode,Koyilandi,Koothali (Ct)
Kozhikode,Koyilandi,Kottur
Kozhikode,Koyilandi,Kozhukkallur (Ct)
Kozhikode,Koyilandi,Menhaniam (Ct)
Kozhikode,Koyilandi,Meppayyur (Ct)
Kozhikode,Koyilandi,Moodadi
Kozhikode,Koyilandi,Naduvannur (Ct)
Kozhikode,Koyilandi,Nochad
Kozhikode,Koyilandi,Palery
Kozhikode,Koyilandi,Panthalayani
Kozhikode,Koyilandi,Payyoli
Kozhikode,Koyilandi,Perambra
Kozhikode,Koyilandi,Thikkody (Ct)
Kozhikode,Koyilandi,Thurayur (Ct)
Kozhikode,Koyilandi,Ulliyeri (Ct)
Kozhikode,Koyilandi,Viyyur
Kozhikode,Kozhikode,Beypore (Ct)
Kozhikode,Kozhikode,Chathamangalam
Kozhikode,Kozhikode,Chelannur (Ct)
Kozhikode,Kozhikode,Chelavur
Kozhikode,Kozhikode,Cheruvannur (Ct)
Kozhikode,Kozhikode,Chevayur
Kozhikode,Kozhikode,Elathur (Og)
Kozhikode,Kozhikode,Feroke (Ct)
Kozhikode,Kozhikode,Kadalundi (Og)
Kozhikode,Kozhikode,Kakkad
Kozhikode,Kozhikode,Kakkodi (Ct)
Kozhikode,Kozhikode,Kakkur
Kozhikode,Kozhikode,Karuvanthuruthy (Ct)
Kozhikode,Kozhikode,Kasaba
Kozhikode,Kozhikode,Katchery
Kozhikode,Kozhikode,Kodiyathur
Kozhikode,Kozhikode,Kottuli
Kozhikode,Kozhikode,Kumaranallur
Kozhikode,Kozhikode,Kunnamangalam (Ct)
Kozhikode,Kozhikode,Kuruvattur (Ct)
Kozhikode,Kozhikode,Kuttikkattoor (Ct)
Kozhikode,Kozhikode,Madavoor
Kozhikode,Kozhikode,Mavoor (Ct)
Kozhikode,Kozhikode,Nagaram
Kozhikode,Kozhikode,Nanmanda (Ct)
Kozhikode,Kozhikode,Neeleswaram
Kozhikode,Kozhikode,Neeleswaram
Kozhikode,Kozhikode,Nellikode
Kozhikode,Kozhikode,Olavanna (Ct)
Kozhikode,Kozhikode,Panniankara
Kozhikode,Kozhikode,Pantheeramkavu (Ct)
Kozhikode,Kozhikode,Perumanna (Ct)
Kozhikode,Kozhikode,Peruvayal (Ct)
Kozhikode,Kozhikode,Poolacode (Ct)
Kozhikode,Kozhikode,Puthiyangadi (Og) (Part)
Kozhikode,Kozhikode,Ramanattukara (Ct)
Kozhikode,Kozhikode,Thalakkulathur (Ct)
Kozhikode,Kozhikode,Thazhecode (Ct)
Kozhikode,Kozhikode,Valayanad
Kozhikode,Kozhikode,Vengeri
Kozhikode,Thamarassery,Engapuzha
Kozhikode,Thamarassery,Kanthalad
Kozhikode,Thamarassery,Kattippara
Kozhikode,Thamarassery,Kedavur
Kozhikode,Thamarassery,Kinalur
Kozhikode,Thamarassery,Kizhakkoth
Kozhikode,Thamarassery,Kodencheri
Kozhikode,Thamarassery,Koduvally (Og)
Kozhikode,Thamarassery,Koodaranji
Kozhikode,Thamarassery,Koodathayi
Kozhikode,Thamarassery,Narikkuni
Kozhikode,Thamarassery,Nellipoyil
Kozhikode,Thamarassery,Panangad (Ct)
Kozhikode,Thamarassery,Puthuppadi
Kozhikode,Thamarassery,Puthur
Kozhikode,Thamarassery,Raroth
Kozhikode,Thamarassery,Sivapuram
Kozhikode,Thamarassery,Thiruvambadi
Kozhikode,Thamarassery,Unnikulam
Kozhikode,Thamarassery,Vavad
Malappuram,Ernad,Anakkayam (Og)
Malappuram,Ernad,Areekode
Malappuram,Ernad,Chembrasseri
Malappuram,Ernad,Edavanna
Malappuram,Ernad,Elankur
Malappuram,Ernad,Karakunnu
Malappuram,Ernad,Kavanoor
Malappuram,Ernad,Kizhuparamba (Ct)
Malappuram,Ernad,Malappuram
Malappuram,Ernad,Manjeri
Malappuram,Ernad,Manjeri
Malappuram,Ernad,Melmuri
Malappuram,Ernad,Narukara
Malappuram,Ernad,Narukara
Malappuram,Ernad,Panakkad
Malappuram,Ernad,Panakkad
Malappuram,Ernad,Pandalur
Malappuram,Ernad,Pandikkad
Malappuram,Ernad,Payyanad
Malappuram,Ernad,Payyanad
Malappuram,Ernad,Perakamanna
Malappuram,Ernad,Pookkottur
Malappuram,Ernad,Pulpatta
Malappuram,Ernad,Trikkalangode
Malappuram,Ernad,Urangattiri
Malappuram,Ernad,Vettikkattiri
Malappuram,Ernad,Vettilappara
Malappuram,Ernad,Vettilappara
Malappuram,Nilambur,Akampadam
Malappuram,Nilambur,Amarambalam
Malappuram,Nilambur,Chokkad
Malappuram,Nilambur,Chungathara
Malappuram,Nilambur,Edakkara
Malappuram,Nilambur,Kalikavu
Malappuram,Nilambur,Karulai
Malappuram,Nilambur,Karuvarakundu
Malappuram,Nilambur,Kerala Estate
Malappuram,Nilambur,Kurumbilangode
Malappuram,Nilambur,Mambad
Malappuram,Nilambur,Moothedam
Malappuram,Nilambur,Nilambur (Ct)
Malappuram,Nilambur,Porur
Malappuram,Nilambur,Pothukallu
Malappuram,Nilambur,Pullipadam
Malappuram,Nilambur,Thiruvali
Malappuram,Nilambur,Thuvvur
Malappuram,Nilambur,Vazhikkadavu
Malappuram,Nilambur,Vellayur
Malappuram,Nilambur,Wandoor
Malappuram,Perinthalmanna,Aliparamba
Malappuram,Perinthalmanna,Anamangad
Malappuram,Perinthalmanna,Angadippuram
Malappuram,Perinthalmanna,Arakkuparamba
Malappuram,Perinthalmanna,Edappatta
Malappuram,Perinthalmanna,Elamkulam
Malappuram,Perinthalmanna,Kariavattom
Malappuram,Perinthalmanna,Keezhattur
Malappuram,Perinthalmanna,Kodur (Ct)
Malappuram,Perinthalmanna,Koottilangadi (Ct)
Malappuram,Perinthalmanna,Kuruva
Malappuram,Perinthalmanna,Kuruvambalam
Malappuram,Perinthalmanna,Mankada
Malappuram,Perinthalmanna,Melattur
Malappuram,Perinthalmanna,Moorkkanad
Malappuram,Perinthalmanna,Nenmini
Malappuram,Perinthalmanna,Pathaikkara
Malappuram,Perinthalmanna,Perinthalmanna
Malappuram,Perinthalmanna,Pulamanthole
Malappuram,Perinthalmanna,Puzhakkattiri
Malappuram,Perinthalmanna,Thazhekode
Malappuram,Perinthalmanna,Vadakkangara
Malappuram,Perinthalmanna,Valambur
Malappuram,Perinthalmanna,Vettathur
Malappuram,Tirur,Ananthavoor
Malappuram,Tirur,Athavanad
Malappuram,Tirur,Cheriyamundam (Ct)
Malappuram,Tirur,Edayoor
Malappuram,Tirur,Irimbiliyam (Ct)
Malappuram,Tirur,Irimbiliyam (Ct)
Malappuram,Tirur,Irimbiliyam (Ct)
Malappuram,Tirur,Irimbiliyam (Ct)
Malappuram,Tirur,Kalpakancheri
Malappuram,Tirur,Kattipparuthi (Ct)
Malappuram,Tirur,Kattipparuthi (Ct)
Malappuram,Tirur,Kattipparuthi (Ct)
Malappuram,Tirur,Kattipparuthi (Ct)
Malappuram,Tirur,Kottakkal (Ct)
Malappuram,Tirur,Kurumbathur
Malappuram,Tirur,Kuttippuram (Ct)
Malappuram,Tirur,Kuttippuram (Ct)
Malappuram,Tirur,Kuttippuram (Ct)
Malappuram,Tirur,Kuttippuram (Ct)
Malappuram,Tirur,Mangalam
Malappuram,Tirur,Marakkara
Malappuram,Tirur,Melmuri
Malappuram,Tirur,Melmuri
Malappuram,Tirur,Melmuri
Malappuram,Tirur,Melmuri
Malappuram,Tirur,Naduvattom (Ct)
Malappuram,Tirur,Naduvattom (Ct)
Malappuram,Tirur,Naduvattom (Ct)
Malappuram,Tirur,Naduvattom (Ct)
Malappuram,Tirur,Niramaruthur
Malappuram,Tirur,Ozhur
Malappuram,Tirur,Pariyapuram
Malappuram,Tirur,Pariyapuram
Malappuram,Tirur,Pariyapuram
Malappuram,Tirur,Pariyapuram
Malappuram,Tirur,Perumanna (Ct)
Malappuram,Tirur,Ponmala
Malappuram,Tirur,Ponmala
Malappuram,Tirur,Ponmala
Malappuram,Tirur,Ponmala
Malappuram,Tirur,Ponmundam (Ct)
Malappuram,Tirur,Ponmundam (Ct)
Malappuram,Tirur,Ponmundam (Ct)
Malappuram,Tirur,Ponmundam (Ct)
Malappuram,Tirur,Purathur
Malappuram,Tirur,Talakkad (Ct)
Malappuram,Tirur,Tanalur (Ct)
Malappuram,Tirur,Tanur
Malappuram,Tirur,Tanur
Malappuram,Tirur,Tanur
Malappuram,Tirur,Tanur
Malappuram,Tirur,Thirunavaya (Ct)
Malappuram,Tirur,Thrikandiyur
Malappuram,Tirur,Thrikandiyur
Malappuram,Tirur,Thrikandiyur
Malappuram,Tirur,Thrikandiyur
Malappuram,Tirur,Tirur
Malappuram,Tirur,Tirur
Malappuram,Tirur,Tirur
Malappuram,Tirur,Tirur
Malappuram,Tirur,Triprangode (Ct)
Malappuram,Tirur,Valavannur
Malappuram,Tirur,Vettom
Malappuram,Tirurangadi,Abdu Rahiman Nagar (Ct)
Malappuram,Tirurangadi,Ariyallur (Ct)
Malappuram,Tirurangadi,Ariyallur (Ct)
Malappuram,Tirurangadi,Edarikode
Malappuram,Tirurangadi,Kannamangalam (Ct)
Malappuram,Tirurangadi,Moonniyur (Ct)
Malappuram,Tirurangadi,Nannambra (Ct)
Malappuram,Tirurangadi,Neduva (Ct)
Malappuram,Tirurangadi,Neduva (Ct)
Malappuram,Tirurangadi,Othukkungal (Ct)
Malappuram,Tirurangadi,Parappanangadi
Malappuram,Tirurangadi,Parappur (Ct)
Malappuram,Tirurangadi,Peruvallur (Ct)
Malappuram,Tirurangadi,Thenhippalam (Ct)
Malappuram,Tirurangadi,Thennala (Ct)
Malappuram,Tirurangadi,Thennala (Ct)
Malappuram,Tirurangadi,Tirurangadi (Ct)
Malappuram,Tirurangadi,Urakam (Ct)
Malappuram,Tirurangadi,Vallikkunnu
Malappuram,Tirurangadi,Vengara (Ct)
Malappuram,Ponnani,Alamcode (Ct)
Malappuram,Ponnani,Edappal (Ct)
Malappuram,Ponnani,Ezhuvathiruthy
Malappuram,Ponnani,Kalady (Ct)
Malappuram,Ponnani,Marancheri (Ct)
Malappuram,Ponnani,Nannamukku
Malappuram,Ponnani,Perumpadappa
Malappuram,Ponnani,Ponnani Nagaram
Malappuram,Ponnani,Tavanur
Malappuram,Ponnani,Vattamkulam
Malappuram,Ponnani,Veliyankode
Malappuram,Kondotty,Cheekkode
Malappuram,Kondotty,Chelambra (Ct)
Malappuram,Kondotty,Cherukavu (Ct)
Malappuram,Kondotty,Kondotty (Ct)
Malappuram,Kondotty,Kuzhimanna
Malappuram,Kondotty,Morayur
Malappuram,Kondotty,Muthuvallur
Malappuram,Kondotty,Nediyiruppu
Malappuram,Kondotty,Pallikal (Ct)
Malappuram,Kondotty,Pulikkal
Malappuram,Kondotty,Vazhakkad
Malappuram,Kondotty,Vazhayur (Ct)
Palakkad,Ottappalam,Ambalapara - I
Palakkad,Ottappalam,Ambalapara - II
Palakkad,Ottappalam,Ananganadi
Palakkad,Ottappalam,Chalavara
Palakkad,Ottappalam,Cherpulacherry
Palakkad,Ottappalam,Kadampazhipuram-I
Palakkad,Ottappalam,Kadampazhipuram-Ii
Palakkad,Ottappalam,Karimpuzha-I
Palakkad,Ottappalam,Karimpuzha-Ii
Palakkad,Ottappalam,Lakkidi-Perur- I
Palakkad,Ottappalam,Lakkidi-Perur- II
Palakkad,Ottappalam,Nellaya
Palakkad,Ottappalam,Ottappalam I
Palakkad,Ottappalam,Ottappalam II
Palakkad,Ottappalam,Pookkottukavu
Palakkad,Ottappalam,Shornur I
Palakkad,Ottappalam,Shornur II
Palakkad,Ottappalam,Sreekrishnapuram -I
Palakkad,Ottappalam,Sreekrishnapuram -Ii
Palakkad,Ottappalam,Thrikkadeeri -I
Palakkad,Ottappalam,Thrikkadeeri -Ii
Palakkad,Ottappalam,Vaniyamkulam-I
Palakkad,Ottappalam,Vaniyamkulam- II (Ct)
Palakkad,Ottappalam,Vellinezhi
Palakkad,Mannarkad,Alanallur-I
Palakkad,Mannarkad,Alanallur-Ii
Palakkad,Mannarkad,Alanallur-Iii
Palakkad,Mannarkad,Karakurissi
Palakkad,Mannarkad,Karimba -I
Palakkad,Mannarkad,Karimba -Ii
Palakkad,Mannarkad,Kottoppadam-I
Palakkad,Mannarkad,Kottoppadam-Ii
Palakkad,Mannarkad,Kottoppadam-Iii
Palakkad,Mannarkad,Kumaramputhur
Palakkad,Mannarkad,Mannarkad-I (Ct)
Palakkad,Mannarkad,Mannarkad-Ii
Palakkad,Mannarkad,Palakkayam
Palakkad,Mannarkad,Payyanadam
Palakkad,Mannarkad,Pottassery- I
Palakkad,Mannarkad,Pottassery- II
Palakkad,Mannarkad,Thachampara
Palakkad,Mannarkad,Thachanattukara-I
Palakkad,Mannarkad,Thachanattukara-Ii
Palakkad,Palakkad,Akathethara
Palakkad,Palakkad,Elappully-I
Palakkad,Palakkad,Elappully-Ii
Palakkad,Palakkad,Kannadi-I
Palakkad,Palakkad,Kannadi-Ii
Palakkad,Palakkad,Keralassery
Palakkad,Palakkad,Kodumba
Palakkad,Palakkad,Kongad-I
Palakkad,Palakkad,Kongad-Ii
Palakkad,Palakkad,Malampuzha-I
Palakkad,Palakkad,Malampuzha-Ii
Palakkad,Palakkad,Mankara
Palakkad,Palakkad,Mannur
Palakkad,Palakkad,Marutharode (Ct)
Palakkad,Palakkad,Mundur-I
Palakkad,Palakkad,Mundur-Ii
Palakkad,Palakkad,Palakkad I
Palakkad,Palakkad,Palakkad II
Palakkad,Palakkad,Palakkad III
Palakkad,Palakkad,Parli-I
Palakkad,Palakkad,Parli-Ii
Palakkad,Palakkad,Peruvemba
Palakkad,Palakkad,Pirayiri (Ct)
Palakkad,Palakkad,Polpully
Palakkad,Palakkad,Pudussery Central (Ct)
Palakkad,Palakkad,Pudussery East
Palakkad,Palakkad,Pudussery West (Ct)
Palakkad,Palakkad,Puthuppariyaram 1
Palakkad,Palakkad,Puthuppariyaram-Ii
Palakkad,Palakkad,Yakkara
Palakkad,Chittur,Ayiloor
Palakkad,Chittur,Chittur (Part)
Palakkad,Chittur,Elavancherry
Palakkad,Chittur,Eruthempathy
Palakkad,Chittur,Kairady
Palakkad,Chittur,Koduvayur 1
Palakkad,Chittur,Koduvayur-Ii
Palakkad,Chittur,Kollengode-I
Palakkad,Chittur,Kollengode-Ii
Palakkad,Chittur,Kozhinjampara
Palakkad,Chittur,Kozhipathy
Palakkad,Chittur,Moolathara
Palakkad,Chittur,Muthalamada-I
Palakkad,Chittur,Muthalamada-Ii
Palakkad,Chittur,Nalleppilly
Palakkad,Chittur,Nelliyampathy
Palakkad,Chittur,Nemmara
Palakkad,Chittur,Ozhalapathy
Palakkad,Chittur,Pallassana
Palakkad,Chittur,Pattanchery
Palakkad,Chittur,Perumatty
Palakkad,Chittur,Puthunagaram (Ct)
Palakkad,Chittur,Thathamangalam (Part)
Palakkad,Chittur,Thekkedesom
Palakkad,Chittur,Thiruvazhiyad
Palakkad,Chittur,Vadakarapathy
Palakkad,Chittur,Vadavannur
Palakkad,Chittur,Valiyavallampathy
Palakkad,Chittur,Vallanghy
Palakkad,Chittur,Vandithavalam
Palakkad,Alathur,Alathur (Ct)
Palakkad,Alathur,Erimayur-I
Palakkad,Alathur,Erimayur-Ii
Palakkad,Alathur,Kannambra-I
Palakkad,Alathur,Kannambra-Ii
Palakkad,Alathur,Kavasseri-I
Palakkad,Alathur,Kavasseri-Ii
Palakkad,Alathur,Kizhakkencheri-I
Palakkad,Alathur,Kizhakkencheri-Ii
Palakkad,Alathur,Kottayi-I
Palakkad,Alathur,Kottayi-Ii
Palakkad,Alathur,Kuthannur-I
Palakkad,Alathur,Kuthannur-Ii
Palakkad,Alathur,Kuzhalmannam-I
Palakkad,Alathur,Kuzhalmannam-Ii
Palakkad,Alathur,Mangalam Dam
Palakkad,Alathur,Mathur -I
Palakkad,Alathur,Mathur -Ii
Palakkad,Alathur,Melarcode
Palakkad,Alathur,Peringottukurissi-I
Palakkad,Alathur,Peringottukurissi-Ii
Palakkad,Alathur,Puducode
Palakkad,Alathur,Tarur-I
Palakkad,Alathur,Tarur-Ii
Palakkad,Alathur,Thenkurissi-I
Palakkad,Alathur,Thenkurissi-Ii
Palakkad,Alathur,Vadakkancheri-I
Palakkad,Alathur,Vadakkancheri-Ii
Palakkad,Alathur,Vandazhi-I
Palakkad,Alathur,Vandazhi-Ii
Palakkad,Pattambi,Anakkara
Palakkad,Pattambi,Chalissery
Palakkad,Pattambi,Kappur
Palakkad,Pattambi,Koppam
Palakkad,Pattambi,Kulukkallur
Palakkad,Pattambi,Muthuthala (Ct)
Palakkad,Pattambi,Nagalassery
Palakkad,Pattambi,Ongallur -I (Ct)
Palakkad,Pattambi,Ongallur -Ii (Ct)
Palakkad,Pattambi,Parudur
Palakkad,Pattambi,Pattambi (Ct)
Palakkad,Pattambi,Pattithara
Palakkad,Pattambi,Thirumittacode-I
Palakkad,Pattambi,Thirumittacode -Ii (Ct)
Palakkad,Pattambi,Thiruvegapura
Palakkad,Pattambi,Thrithala (Ct)
Palakkad,Pattambi,Vallapuzha
Palakkad,Pattambi,Vilayur
Palakkad,Tribal Taluk Office Attappadi,Agali
Palakkad,Tribal Taluk Office Attappadi,Kallamala
Palakkad,Tribal Taluk Office Attappadi,Kottathara
Palakkad,Tribal Taluk Office Attappadi,Padavayal
Palakkad,Tribal Taluk Office Attappadi,Pudur
Palakkad,Tribal Taluk Office Attappadi,Sholayur
Pathanamthitta,Thiruvalla,Eraviperoor
Pathanamthitta,Thiruvalla,Kadapra
Pathanamthitta,Thiruvalla,Kaviyoor
Pathanamthitta,Thiruvalla,Kavumbhagom (Part)
Pathanamthitta,Thiruvalla,Koipuram
Pathanamthitta,Thiruvalla,Kuttappuzha
Pathanamthitta,Thiruvalla,Kuttoor
Pathanamthitta,Thiruvalla,Nedumpuram
Pathanamthitta,Thiruvalla,Niranam
Pathanamthitta,Thiruvalla,Peringara
Pathanamthitta,Thiruvalla,Thiruvalla
Pathanamthitta,Thiruvalla,Thottapuzhassery
Pathanamthitta,Mallappally,Anicad
Pathanamthitta,Mallappally,Ezhumattoor
Pathanamthitta,Mallappally,Kallooppara
Pathanamthitta,Mallappally,Kottangal
Pathanamthitta,Mallappally,Kunnamthanam
Pathanamthitta,Mallappally,Mallappally
Pathanamthitta,Mallappally,Perumpetty
Pathanamthitta,Mallappally,Puramattam
Pathanamthitta,Mallappally,Thelliyoor
Pathanamthitta,Ranni,Angadi
Pathanamthitta,Ranni,Athikkayam
Pathanamthitta,Ranni,Ayiroor
Pathanamthitta,Ranni,Cherukole
Pathanamthitta,Ranni,Chethakkal
Pathanamthitta,Ranni,Kollamula
Pathanamthitta,Ranni,Pazhavangadi
Pathanamthitta,Ranni,Perunad
Pathanamthitta,Ranni,Ranni
Pathanamthitta,Ranni,Vadasserikkara
Pathanamthitta,Kozhenchery,Aranmula
Pathanamthitta,Kozhenchery,Chenneerkara
Pathanamthitta,Kozhenchery,Elanthoor
Pathanamthitta,Kozhenchery,Kidangannur
Pathanamthitta,Kozhenchery,Kozhenchery (Ct)
Pathanamthitta,Kozhenchery,Kulanada
Pathanamthitta,Kozhenchery,Mallapuzhassery
Pathanamthitta,Kozhenchery,Mezhuveli
Pathanamthitta,Kozhenchery,Naranganam
Pathanamthitta,Kozhenchery,Omalloor
Pathanamthitta,Kozhenchery,Pathanamthitta (Part)
Pathanamthitta,Adoor,Adoor
Pathanamthitta,Adoor,Angadickal
Pathanamthitta,Adoor,Enadimangalam
Pathanamthitta,Adoor,Enathu
Pathanamthitta,Adoor,Erathu
Pathanamthitta,Adoor,Ezhamkulam
Pathanamthitta,Adoor,Kadampanadu
Pathanamthitta,Adoor,Kodumon
Pathanamthitta,Adoor,Kurampala
Pathanamthitta,Adoor,Kurampala
Pathanamthitta,Adoor,Pallickal
Pathanamthitta,Adoor,Pandalam
Pathanamthitta,Adoor,Pandalam Thekkekara
Pathanamthitta,Adoor,Peringanadu (Part)
Pathanamthitta,Adoor,Thumpamon
Pathanamthitta,Konni,Aruvappulam
Pathanamthitta,Konni,Chittar
Pathanamthitta,Konni,Iravan
Pathanamthitta,Konni,Kalanjoor
Pathanamthitta,Konni,Konni
Pathanamthitta,Konni,Konnithazham
Pathanamthitta,Konni,Koodal
Pathanamthitta,Konni,Malayalapuzha (Part)
Pathanamthitta,Konni,Mylapra (Part)
Pathanamthitta,Konni,Pramadom
Pathanamthitta,Konni,Seethathodu
Pathanamthitta,Konni,Thannithode
Pathanamthitta,Konni,Vallicode
Pathanamthitta,Konni,Vallicode-Kottayam
Thiruvananthapuram,Chirayinkeezhu,Alamcode (Ct)
Thiruvananthapuram,Chirayinkeezhu,Anjuthengu
Thiruvananthapuram,Chirayinkeezhu,Attingal
Thiruvananthapuram,Chirayinkeezhu,Avanavancherry
Thiruvananthapuram,Chirayinkeezhu,Azhoor (Ct)
Thiruvananthapuram,Chirayinkeezhu,Chirayinkeezhu
Thiruvananthapuram,Chirayinkeezhu,Edakkode (Ct)
Thiruvananthapuram,Chirayinkeezhu,Elamba
Thiruvananthapuram,Chirayinkeezhu,Kadakkavoor
Thiruvananthapuram,Chirayinkeezhu,Karavaram
Thiruvananthapuram,Chirayinkeezhu,Keezhattingal (Ct)
Thiruvananthapuram,Chirayinkeezhu,Kilimanoor
Thiruvananthapuram,Chirayinkeezhu,Kizhuvilam
Thiruvananthapuram,Chirayinkeezhu,Koduvazhannoor
Thiruvananthapuram,Chirayinkeezhu,Kunthallur
Thiruvananthapuram,Chirayinkeezhu,Mudakkal
Thiruvananthapuram,Chirayinkeezhu,Nagaroor
Thiruvananthapuram,Chirayinkeezhu,Pazhayakunnummel
Thiruvananthapuram,Chirayinkeezhu,Pulimath
Thiruvananthapuram,Chirayinkeezhu,Sarkara
Thiruvananthapuram,Chirayinkeezhu,Vakkom (Ct)
Thiruvananthapuram,Chirayinkeezhu,Vellalloor
Thiruvananthapuram,Nedumangad,Anad
Thiruvananthapuram,Nedumangad,Aruvikkara
Thiruvananthapuram,Nedumangad,Aryanad
Thiruvananthapuram,Nedumangad,Kallara
Thiruvananthapuram,Nedumangad,Karakulam (Ct)
Thiruvananthapuram,Nedumangad,Karuppur
Thiruvananthapuram,Nedumangad,Koliyakode
Thiruvananthapuram,Nedumangad,Kurupuzha
Thiruvananthapuram,Nedumangad,Manikkal
Thiruvananthapuram,Nedumangad,Nedumangad
Thiruvananthapuram,Nedumangad,Nellanad
Thiruvananthapuram,Nedumangad,Palode
Thiruvananthapuram,Nedumangad,Panavoor
Thiruvananthapuram,Nedumangad,Pangode
Thiruvananthapuram,Nedumangad,Peringamala
Thiruvananthapuram,Nedumangad,Pullampara
Thiruvananthapuram,Nedumangad,Theakada
Thiruvananthapuram,Nedumangad,Thennoor
Thiruvananthapuram,Nedumangad,Tholicode
Thiruvananthapuram,Nedumangad,Uzhamalackal
Thiruvananthapuram,Nedumangad,Vamanapuram
Thiruvananthapuram,Nedumangad,Vattappara (Ct)
Thiruvananthapuram,Nedumangad,Vellanad
Thiruvananthapuram,Nedumangad,Vembayam
Thiruvananthapuram,Nedumangad,Vithura
Thiruvananthapuram,Thiruvananthapuram,Andoorkonam
Thiruvananthapuram,Thiruvananthapuram,Attipra
Thiruvananthapuram,Thiruvananthapuram,Cheruvackal
Thiruvananthapuram,Thiruvananthapuram,Iroopara (Ct)
Thiruvananthapuram,Thiruvananthapuram,Kadakampalli
Thiruvananthapuram,Thiruvananthapuram,Kadinamkulam
Thiruvananthapuram,Thiruvananthapuram,Kalliyoor (Ct)
Thiruvananthapuram,Thiruvananthapuram,Kawdiar
Thiruvananthapuram,Thiruvananthapuram,Kazhakkoottam(Og)
Thiruvananthapuram,Thiruvananthapuram,Keezhthonnakkal
Thiruvananthapuram,Thiruvananthapuram,Kudappanakkunnu (Ct)
Thiruvananthapuram,Thiruvananthapuram,Manacadu
Thiruvananthapuram,Thiruvananthapuram,Melthonnakkal
Thiruvananthapuram,Thiruvananthapuram,Menamkulam
Thiruvananthapuram,Thiruvananthapuram,Muttathara
Thiruvananthapuram,Thiruvananthapuram,Nemom
Thiruvananthapuram,Thiruvananthapuram,Pallippuram (Ct)
Thiruvananthapuram,Thiruvananthapuram,Pangappara
Thiruvananthapuram,Thiruvananthapuram,Pattom
Thiruvananthapuram,Thiruvananthapuram,Peroorkada
Thiruvananthapuram,Thiruvananthapuram,Pettah
Thiruvananthapuram,Thiruvananthapuram,Sasthamangalam
Thiruvananthapuram,Thiruvananthapuram,Thirumala
Thiruvananthapuram,Thiruvananthapuram,Thiruvallam
Thiruvananthapuram,Thiruvananthapuram,Thycaud
Thiruvananthapuram,Thiruvananthapuram,Uliyazhathura (Ct)
Thiruvananthapuram,Thiruvananthapuram,Ulloor
Thiruvananthapuram,Thiruvananthapuram,Vanchiyoor
Thiruvananthapuram,Thiruvananthapuram,Vattiyoorkavu (Ct)
Thiruvananthapuram,Thiruvananthapuram,Veiloor (Ct)
Thiruvananthapuram,Thiruvananthapuram,Venganoor (Ct)
Thiruvananthapuram,Neyyattinkara,Anavoor
Thiruvananthapuram,Neyyattinkara,Athiyannur (Ct)
Thiruvananthapuram,Neyyattinkara,Balaramapuram
Thiruvananthapuram,Neyyattinkara,Chenkal (Part)
Thiruvananthapuram,Neyyattinkara,Kanjiramkulam (Ct)
Thiruvananthapuram,Neyyattinkara,Karode
Thiruvananthapuram,Neyyattinkara,Karumkulam
Thiruvananthapuram,Neyyattinkara,Kollayil (Part)
Thiruvananthapuram,Neyyattinkara,Kottukal (Part)
Thiruvananthapuram,Neyyattinkara,Kulathoor
Thiruvananthapuram,Neyyattinkara,Kunnathukal
Thiruvananthapuram,Neyyattinkara,Neyyattinkara
Thiruvananthapuram,Neyyattinkara,Pallichal (Ct)
Thiruvananthapuram,Neyyattinkara,Parassala (Ct)
Thiruvananthapuram,Neyyattinkara,Parasuvaikkal (Ct)
Thiruvananthapuram,Neyyattinkara,Perumkadavila
Thiruvananthapuram,Neyyattinkara,Perumpazhuthur
Thiruvananthapuram,Neyyattinkara,Poovar
Thiruvananthapuram,Neyyattinkara,Thirupuram
Thiruvananthapuram,Neyyattinkara,Vellarada
Thiruvananthapuram,Neyyattinkara,Vizhinjam (Part)
Thiruvananthapuram,Kattakkada,Amboori
Thiruvananthapuram,Kattakkada,Kallikkad
Thiruvananthapuram,Kattakkada,Keezharoor
Thiruvananthapuram,Kattakkada,Kulathummal (Ct)
Thiruvananthapuram,Kattakkada,Malayinkeezhu (Ct)
Thiruvananthapuram,Kattakkada,Mannoorkara
Thiruvananthapuram,Kattakkada,Maranalloor
Thiruvananthapuram,Kattakkada,Ottasekharamangalam
Thiruvananthapuram,Kattakkada,Perumkulam
Thiruvananthapuram,Kattakkada,Vazhichal
Thiruvananthapuram,Kattakkada,Veeranakavu
Thiruvananthapuram,Kattakkada,Vilappil (Ct)
Thiruvananthapuram,Kattakkada,Vilavoorkkal (Ct)
Thiruvananthapuram,Varkala,Ayiroor
Thiruvananthapuram,Varkala,Chemmaruthy
Thiruvananthapuram,Varkala,Cherunniyoor
Thiruvananthapuram,Varkala,Edava
Thiruvananthapuram,Varkala,Kudavoor
Thiruvananthapuram,Varkala,Madavoor
Thiruvananthapuram,Varkala,Manamboor
Thiruvananthapuram,Varkala,Navaikulam
Thiruvananthapuram,Varkala,Ottoor
Thiruvananthapuram,Varkala,Pallickal
Thiruvananthapuram,Varkala,Varkala
Thiruvananthapuram,Varkala,Vettoor
Thrissur,Talappilly,Arangottukara
Thrissur,Talappilly,Attoor
Thrissur,Talappilly,Chelakkara (Ct)
Thrissur,Talappilly,Chelakode
Thrissur,Talappilly,Cheruthuruthi (Ct)
Thrissur,Talappilly,Chittanda (Ct)
Thrissur,Talappilly,Desamangalam (Ct)
Thrissur,Talappilly,Elanad
Thrissur,Talappilly,Enkakkad (Ct)
Thrissur,Talappilly,Kaniyarkode (Ct)
Thrissur,Talappilly,Kanjirakode
Thrissur,Talappilly,Karumathara
Thrissur,Talappilly,Killimangalam
Thrissur,Talappilly,Kondazhy
Thrissur,Talappilly,Kottappuram (Ct)
Thrissur,Talappilly,Kumaranellur (Ct)
Thrissur,Talappilly,Kurumala
Thrissur,Talappilly,Manalithara
Thrissur,Talappilly,Mayannur
Thrissur,Talappilly,Minalur (Ct)
Thrissur,Talappilly,Mullurkara
Thrissur,Talappilly,Mundathikode (Ct)
Thrissur,Talappilly,Nedumpura (Ct)
Thrissur,Talappilly,Painkulam
Thrissur,Talappilly,Pallur
Thrissur,Talappilly,Pampady
Thrissur,Talappilly,Pangarappilly
Thrissur,Talappilly,Panjal
Thrissur,Talappilly,Parlikad
Thrissur,Talappilly,Pazhayannur
Thrissur,Talappilly,Peringandoor (Ct)
Thrissur,Talappilly,Pilakkad
Thrissur,Talappilly,Pulakode
Thrissur,Talappilly,Puthuruthy
Thrissur,Talappilly,Thalassery
Thrissur,Talappilly,Thekkumkara
Thrissur,Talappilly,Thichur
Thrissur,Talappilly,Thiruvilwamala
Thrissur,Talappilly,Thonnurkara
Thrissur,Talappilly,Vadakkethara
Thrissur,Talappilly,Varavoor
Thrissur,Talappilly,Venganellur
Thrissur,Talappilly,Vennur
Thrissur,Talappilly,Viruppakka
Thrissur,Talappilly,Wadakkanchery (Ct)
Thrissur,Chavakkad,Annakara
Thrissur,Chavakkad,Brahmakulam (Ct)
Thrissur,Chavakkad,Chavakkad
Thrissur,Chavakkad,Chavakkad
Thrissur,Chavakkad,Edakkazhiyur (Ct)
Thrissur,Chavakkad,Elavally (Ct)
Thrissur,Chavakkad,Engandiyur
Thrissur,Chavakkad,Guruvayur
Thrissur,Chavakkad,Guruvayur
Thrissur,Chavakkad,Irimbranallur
Thrissur,Chavakkad,Iringaprom (Ct)
Thrissur,Chavakkad,Kadappuram
Thrissur,Chavakkad,Kadikkad (Ct)
Thrissur,Chavakkad,Kundazhiyur
Thrissur,Chavakkad,Manathala
Thrissur,Chavakkad,Mullassery (Ct)
Thrissur,Chavakkad,Nattika
Thrissur,Chavakkad,Orumanayur (Ct)
Thrissur,Chavakkad,Pavaratty (Ct)
Thrissur,Chavakkad,Perakam (Ct)
Thrissur,Chavakkad,Pookode (Ct)
Thrissur,Chavakkad,Punnayur (Ct)
Thrissur,Chavakkad,Punnayurkulam (Ct)
Thrissur,Chavakkad,Talikkulam (Ct)
Thrissur,Chavakkad,Thaikkad (Ct)
Thrissur,Chavakkad,Vadakkekad (Ct)
Thrissur,Chavakkad,Vadanappally (Ct)
Thrissur,Chavakkad,Valappad
Thrissur,Chavakkad,Venkitangu (Ct)
Thrissur,Chavakkad,Venmanad (Ct)
Thrissur,Chavakkad,Vylathur (Ct)
Thrissur,Thrissur,Adat (Ct)
Thrissur,Thrissur,Alappad
Thrissur,Thrissur,Anjur (Ct)
Thrissur,Thrissur,Anthicad (Ct)
Thrissur,Thrissur,Aranattukara
Thrissur,Thrissur,Arattupuzha
Thrissur,Thrissur,Avanur (Ct)
Thrissur,Thrissur,Avinissery (Ct)
Thrissur,Thrissur,Ayyanthole
Thrissur,Thrissur,Chalakkal
Thrissur,Thrissur,Chazhoor
Thrissur,Thrissur,Chembookkavu
Thrissur,Thrissur,Cherpu (Ct)
Thrissur,Thrissur,Chevvoor (Ct)
Thrissur,Thrissur,Chittilappilly (Ct)
Thrissur,Thrissur,Chiyyaram
Thrissur,Thrissur,Choolissery (Ct)
Thrissur,Thrissur,Edakkalathur (Ct)
Thrissur,Thrissur,Edakkunni
Thrissur,Thrissur,Eravu (Ct)
Thrissur,Thrissur,Inchamudi
Thrissur,Thrissur,Kainoor (Ct)
Thrissur,Thrissur,Kaiparamba (Ct)
Thrissur,Thrissur,Kanimangalam
Thrissur,Thrissur,Karamuck (Ct)
Thrissur,Thrissur,Killannur (Ct)
Thrissur,Thrissur,Kizhakkummuri (Ct)
Thrissur,Thrissur,Kizhuppillikkara (Ct)
Thrissur,Thrissur,Kodannur (Ct)
Thrissur,Thrissur,Kolazhy (Ct)
Thrissur,Thrissur,Koorkkanchery
Thrissur,Thrissur,Kozhukkully (Ct)
Thrissur,Thrissur,Kurichikkara (Ct)
Thrissur,Thrissur,Kurumpilavu (Ct)
Thrissur,Thrissur,Kuttoor (Ct)
Thrissur,Thrissur,Madakkathara
Thrissur,Thrissur,Manakkody (Ct)
Thrissur,Thrissur,Manalur (Ct)
Thrissur,Thrissur,Mannamangalam
Thrissur,Thrissur,Marathakkara (Ct)
Thrissur,Thrissur,Mulayam
Thrissur,Thrissur,Nadathara (Ct)
Thrissur,Thrissur,Nettissery
Thrissur,Thrissur,Ollukkara
Thrissur,Thrissur,Ollur
Thrissur,Thrissur,Oorakam (Ct)
Thrissur,Thrissur,Padiyam (Ct)
Thrissur,Thrissur,Palissery (Ct)
Thrissur,Thrissur,Pallippuram
Thrissur,Thrissur,Pananchery
Thrissur,Thrissur,Parakkad (Ct)
Thrissur,Thrissur,Paralam (Ct)
Thrissur,Thrissur,Peechi
Thrissur,Thrissur,Peramangalam (Ct)
Thrissur,Thrissur,Peringavu
Thrissur,Thrissur,Poonkunnam
Thrissur,Thrissur,Pottore (Ct)
Thrissur,Thrissur,Pullazhi
Thrissur,Thrissur,Pullu
Thrissur,Thrissur,Puranattukara (Ct)
Thrissur,Thrissur,Puthur (Ct)
Thrissur,Thrissur,Puzhakkal (Ct)
Thrissur,Thrissur,Thangalur (Ct)
Thrissur,Thrissur,Thanniyam (Ct)
Thrissur,Thrissur,Tholur (Ct)
Thrissur,Thrissur,Thrissur
Thrissur,Thrissur,Vadakkummuri (Ct)
Thrissur,Thrissur,Vallachira (Ct)
Thrissur,Thrissur,Velappaya
Thrissur,Thrissur,Vellanikkara (Ct)
Thrissur,Thrissur,Veluthur (Ct)
Thrissur,Thrissur,Venginissery (Ct)
Thrissur,Thrissur,Vilvattom
Thrissur,Thrissur,Viyyur
Thrissur,Kodungallur,Ala (Ct)
Thrissur,Kodungallur,Azhikode
Thrissur,Kodungallur,Chendrappini (Ct)
Thrissur,Kodungallur,Edathiruthy (Ct)
Thrissur,Kodungallur,Edavilangu (Ct)
Thrissur,Kodungallur,Eriyad (Og)
Thrissur,Kodungallur,Kaipamangalam (Ct)
Thrissur,Kodungallur,Koolimuttam
Thrissur,Kodungallur,Lokamaleswaram
Thrissur,Kodungallur,Madathumpady (Ct)
Thrissur,Kodungallur,Methala (Ct)
Thrissur,Kodungallur,Padinjare Vemballur
Thrissur,Kodungallur,Pallippuram (Ct)
Thrissur,Kodungallur,Panangad (Ct)
Thrissur,Kodungallur,Pappinivattom (Ct)
Thrissur,Kodungallur,Perinjanam (Ct)
Thrissur,Kodungallur,Poyya (Ct)
Thrissur,Kodungallur,Pullut
Thrissur,Mukundapuram,Amballur (Ct)
Thrissur,Mukundapuram,Anandapuram
Thrissur,Mukundapuram,Chengallur
Thrissur,Mukundapuram,Edathirinji (Ct)
Thrissur,Mukundapuram,Irinjalakuda
Thrissur,Mukundapuram,Kaduppassery
Thrissur,Mukundapuram,Kallur
Thrissur,Mukundapuram,Karalam
Thrissur,Mukundapuram,Karumathra
Thrissur,Mukundapuram,Kattur (Ct)
Thrissur,Mukundapuram,Kottanellur
Thrissur,Mukundapuram,Madayikonam (Ct)
Thrissur,Mukundapuram,Manavalassery (Ct)
Thrissur,Mukundapuram,Muriyad
Thrissur,Mukundapuram,Nellayi
Thrissur,Mukundapuram,Nenmenikkara (Ct)
Thrissur,Mukundapuram,Padiyur (Ct)
Thrissur,Mukundapuram,Parappukkara (Ct)
Thrissur,Mukundapuram,Poomangalam (Ct)
Thrissur,Mukundapuram,Porathissery (Ct)
Thrissur,Mukundapuram,Pullur (Ct)
Thrissur,Mukundapuram,Puthenchira
Thrissur,Mukundapuram,Thekkumkara (Ct)
Thrissur,Mukundapuram,Thoravu
Thrissur,Mukundapuram,Thottippal
Thrissur,Mukundapuram,Trikkur (Ct)
Thrissur,Mukundapuram,Vadakkumkara (Ct)
Thrissur,Mukundapuram,Vallivattom
Thrissur,Mukundapuram,Vellookkara (Ct)
Thrissur,Chalakkudy,Alathur
Thrissur,Chalakkudy,Alur
Thrissur,Chalakkudy,Annallur
Thrissur,Chalakkudy,Athirappally
Thrissur,Chalakkudy,East Chalakkudy
Thrissur,Chalakkudy,Elanjipra
Thrissur,Chalakkudy,Kakkulissery
Thrissur,Chalakkudy,Kallettumkara (Ct)
Thrissur,Chalakkudy,Kallur Thekkummuri (Ct)
Thrissur,Chalakkudy,Kallur Vadakkummuri (Ct)
Thrissur,Chalakkudy,Kizhakkummuri
Thrissur,Chalakkudy,Kodakara
Thrissur,Chalakkudy,Kodassery
Thrissur,Chalakkudy,Kuruvilassery
Thrissur,Chalakkudy,Kuttichira
Thrissur,Chalakkudy,Mattathur
Thrissur,Chalakkudy,Melur
Thrissur,Chalakkudy,Mupliyam
Thrissur,Chalakkudy,Muringoor Thekkmmuri
Thrissur,Chalakkudy,Muringur Vadakkummuri (Ct)
Thrissur,Chalakkudy,Nandipulam
Thrissur,Chalakkudy,Pariyaram
Thrissur,Chalakkudy,Perambra
Thrissur,Chalakkudy,Potta
Thrissur,Chalakkudy,Thazhekkad
Thrissur,Chalakkudy,Thirumukkulam
Thrissur,Chalakkudy,Vadakkumbhagom
Thrissur,Chalakkudy,Vadama (Ct)
Thrissur,Chalakkudy,Varandarappilly
Thrissur,Chalakkudy,Vellikulangara
Thrissur,Chalakkudy,West Chalakkudy
Thrissur,Kunnamkulam,Akathiyoor (Ct)
Thrissur,Kunnamkulam,Aloor (Ct)
Thrissur,Kunnamkulam,Anjur
Thrissur,Kunnamkulam,Arthat
Thrissur,Kunnamkulam,Chemmanthatta
Thrissur,Kunnamkulam,Chiramanangad (Ct)
Thrissur,Kunnamkulam,Chiranellur (Ct)
Thrissur,Kunnamkulam,Choondal (Ct)
Thrissur,Kunnamkulam,Chowwannur
Thrissur,Kunnamkulam,Eranellur (Ct)
Thrissur,Kunnamkulam,Eyyal (Ct)
Thrissur,Kunnamkulam,Kadangode
Thrissur,Kunnamkulam,Kadavallur (Ct)
Thrissur,Kunnamkulam,Kandanassery (Ct)
Thrissur,Kunnamkulam,Kanipayyur
Thrissur,Kunnamkulam,Karikkad (Ct)
Thrissur,Kunnamkulam,Kariyannur (Ct)
Thrissur,Kunnamkulam,Kattakampal (Ct)
Thrissur,Kunnamkulam,Kiralur
Thrissur,Kunnamkulam,Kunnamkulam
Thrissur,Kunnamkulam,Mangad (Part)
Thrissur,Kunnamkulam,Nelluwaya (Ct)
Thrissur,Kunnamkulam,Pazhanji (Ct)
Thrissur,Kunnamkulam,Perumpilavu
Thrissur,Kunnamkulam,Porkulam (Ct)
Thrissur,Kunnamkulam,Thayyur
Thrissur,Kunnamkulam,Vellarakkad
Thrissur,Kunnamkulam,Vellattanjur
Thrissur,Kunnamkulam,Velur (Ct)
Wayanad,Mananthavady,Anchukunnu
Wayanad,Mananthavady,Cherukottur
Wayanad,Mananthavady,Edavaka
Wayanad,Mananthavady,Kanjirangad
Wayanad,Mananthavady,Mananthavady
Wayanad,Mananthavady,Nalloornad
Wayanad,Mananthavady,Panamaram
Wayanad,Mananthavady,Payyampally
Wayanad,Mananthavady,Periya
Wayanad,Mananthavady,Porunnanore
Wayanad,Mananthavady,Thavinhal
Wayanad,Mananthavady,Thirunelly
Wayanad,Mananthavady,Thondernad
Wayanad,Mananthavady,Thrissilery
Wayanad,Mananthavady,Valat
Wayanad,Mananthavady,Vellamunda
Wayanad,Sulthanbathery,Ambalavayal
Wayanad,Sulthanbathery,Cheeral
Wayanad,Sulthanbathery,Irulam
Wayanad,Sulthanbathery,Kidanganad
Wayanad,Sulthanbathery,Krishnagiri
Wayanad,Sulthanbathery,Kuppadi
Wayanad,Sulthanbathery,Nadavayal
Wayanad,Sulthanbathery,Nenmeni
Wayanad,Sulthanbathery,Noolpuzha
Wayanad,Sulthanbathery,Padichira
Wayanad,Sulthanbathery,Poothadi
Wayanad,Sulthanbathery,Pulpalli
Wayanad,Sulthanbathery,Purakkadi
Wayanad,Sulthanbathery,Sulthanbathery
Wayanad,Sulthanbathery,Thomattuchal
Wayanad,Vythiri,Achooranam
Wayanad,Vythiri,Chundale
Wayanad,Vythiri,Kalpetta
Wayanad,Vythiri,Kaniambetta
Wayanad,Vythiri,Kavumannam
Wayanad,Vythiri,Kottappadi (Part)
Wayanad,Vythiri,Kottathara
Wayanad,Vythiri,Kunnathidavaka
Wayanad,Vythiri,Kuppadithara
Wayanad,Vythiri,Muppainad
Wayanad,Vythiri,Muttil North
Wayanad,Vythiri,Muttil South
Wayanad,Vythiri,Padinharethara
Wayanad,Vythiri,Pozhuthana
Wayanad,Vythiri,Thariyode
Wayanad,Vythiri,Thrikkaipatta (Part)
Wayanad,Vythiri,Vellarimala
Wayanad,Vythiri,Vengappally
